id,firstName,lastName,state,region,primaryLanguage,secondaryLanguage,yearsActive
1,Isadora,Fortnam,NC,South,English,German,46
2,Cory,Ebunoluwa,TN,South,English,Spanish,19
3,Ardith,Note,CA,West,English,Spanish,44
4,Lilyan,Quarless,PA,Northeast,English,Italian,44
5,Vicki,Mapplebeck,OK,South,English,Chinese,11
6,Flossie,Zorzetti,MA,Northeast,English,Arabic,49
7,Cybil,Rayworth,WA,West,English,Spanish,47
8,Sydney,Castelletti,KS,Midwest,English,,46
9,Hartwell,Natt,DC,South,English,,45
10,Marie,Throughton,DE,South,English,Spanish,19
11,Daisy,Hayworth,CA,West,English,,18
12,Mohandas,Ogley,MS,South,English,Chinese,2
13,Raquela,MacTrustie,OH,Midwest,English,,16
14,Petr,MacCarroll,AZ,West,English,Italian,28
15,Troy,Levesley,FL,South,English,Spanish,6
16,Broderic,Bennetto,AR,South,English,Spanish,39
17,Elianora,Walicki,NV,West,English,French,23
18,Evangelin,Cyseley,NY,Northeast,English,French,45
19,Scotti,Whate,MN,Midwest,English,Arabic,10
20,Hazel,Bernasek,AL,South,English,Spanish,11
21,Egbert,Truggian,MI,Midwest,English,German,32
22,Aurora,Corkill,VA,South,English,Spanish,11
23,Zea,Rowbottam,VA,South,English,,46
24,Adair,McKenney,KS,Midwest,English,Spanish,38
25,Rod,Pateman,KS,Midwest,English,,14
26,Iorgos,Quinton,AZ,West,English,,10
27,Jerrilyn,Hellmer,MO,Midwest,English,Arabic,34
28,Tyler,Warbys,TX,South,English,,37
29,Grant,Girardey,TX,South,English,,49
30,Ebeneser,Raynard,OH,Midwest,English,Spanish,35
31,Nikki,Risbridger,CA,West,English,,29
32,Wrennie,Learmonth,KS,Midwest,English,French,45
33,Phillipe,Ellicott,OK,South,English,Spanish,41
34,Giuditta,Clibbery,IL,Midwest,English,Chinese,17
35,Reinaldos,Novacek,DC,South,English,Arabic,25
36,Monte,Reichelt,MN,Midwest,English,,39
37,Bran,Trivett,OH,Midwest,English,,6
38,Stefania,Carmichael,GA,South,English,Korean,6
39,Sherry,Aubery,LA,South,English,German,15
40,Jacquette,Benck,GA,South,English,German,46
41,Cristie,Scholtz,GA,South,English,Spanish,30
42,Stefan,Zellmer,CA,West,English,Korean,32
43,Umeko,Benoit,CA,West,English,,10
44,Pattin,Demschke,UT,West,English,,47
45,Bobbi,Fosten,FL,South,English,Spanish,43
46,Shaylah,Seth,IL,Midwest,English,Spanish,31
47,Debee,Hebbes,VA,South,English,,23
48,Manolo,Ingledow,OH,Midwest,English,,19
49,Allayne,Nizet,CA,West,English,Arabic,6
50,Greg,Runnacles,CO,West,English,German,20
51,Elisha,Pressnell,WA,West,English,Chinese,18
52,Blondelle,Lander,IL,Midwest,English,,42
53,Averill,Openshaw,NY,Northeast,English,Spanish,43
54,Fidelity,Patten,TX,South,English,Spanish,42
55,Damon,Redbourn,NV,West,English,,25
56,Nate,Dutnall,NY,Northeast,English,Spanish,41
57,Alexandros,Mayes,TX,South,English,,20
58,Georgena,Marley,VA,South,English,,30
59,Syd,Stoltz,CO,West,English,,17
60,Jen,Forsythe,CA,West,English,,50
61,Bogart,Trapp,TN,South,English,,47
62,Arlyne,Allgood,CO,West,English,,48
63,Mahalia,Rubega,MO,Midwest,English,,12
64,Edita,Woodrow,KY,South,English,,35
65,Krystyna,Litchmore,KY,South,English,German,7
66,Selig,Blackmuir,WV,South,English,French,24
67,Kalil,Brookesbie,TX,South,English,,9
68,Conway,Gettings,TX,South,English,Italian,31
69,Gabi,Plenderleith,DC,South,English,,33
70,Nikki,Dunnett,NC,South,English,,45
71,Umberto,Van Son,AK,West,English,German,35
72,Lyndsey,Carsberg,VA,South,English,German,37
73,Richie,Stansall,NV,West,English,,50
74,Cassie,Newton,NV,West,English,French,29
75,Iain,Gauntley,NY,Northeast,English,Korean,30
76,Doroteya,Potteridge,CA,West,English,Arabic,28
77,Sadella,Davidofski,KY,South,English,Korean,17
78,Burnard,Brouwer,FL,South,English,Spanish,6
79,Whitney,Stirrup,TX,South,English,,43
80,Luis,Ebbotts,NC,South,English,German,28
81,Cleon,Dilks,GA,South,English,,46
82,Davie,Sleep,MI,Midwest,English,,36
83,Launce,Eisikowitch,TX,South,English,,43
84,Sherwynd,Smallthwaite,MS,South,English,Spanish,30
85,Aveline,Kemmey,TX,South,English,,29
86,Dasya,Yeo,TX,South,English,Arabic,7
87,Wanids,Fattore,PA,Northeast,English,Spanish,25
88,Maxy,Bugby,AZ,West,English,Arabic,12
89,Phoebe,Jovicevic,NC,South,English,,13
90,Ethelbert,Dugget,KS,Midwest,English,Spanish,22
91,Sallyann,Wreak,NC,South,English,Arabic,10
92,Thane,Witherby,TX,South,English,Spanish,18
93,Lucine,Tubbs,TX,South,English,Italian,23
94,Allyn,Roma,MO,Midwest,English,Spanish,38
95,Manolo,Ebbens,IA,Midwest,English,,43
96,Bertie,Szymczyk,FL,South,English,Spanish,33
97,Yoko,Ramstead,IA,Midwest,English,Spanish,7
98,Flossy,Eagleton,VA,South,English,,48
99,Ondrea,Janway,OH,Midwest,English,Chinese,44
100,Jermaine,Pfeuffer,NJ,Northeast,English,Spanish,14
101,Lorena,Slayny,FL,South,English,Spanish,19
102,Brant,Paniman,CA,West,English,Spanish,6
103,Esta,Ratie,FL,South,English,Korean,27
104,Atlanta,Yarrell,CA,West,English,,33
105,Levey,Nurcombe,OH,Midwest,English,,4
106,Virgie,Symones,MI,Midwest,English,Arabic,42
107,Halsey,Batcheldor,PA,Northeast,English,,18
108,Dionysus,Foucher,CA,West,English,,3
109,Rochella,MacLure,FL,South,English,,47
110,Timothy,Daelman,CA,West,English,Spanish,6
111,Gretna,Peskin,CA,West,English,Italian,20
112,Pippa,Ford,NY,Northeast,English,,41
113,Therine,Deroche,VA,South,English,German,12
114,Gilberto,Bedham,VA,South,English,,24
115,Ainslee,Conahy,DC,South,English,,25
116,Karilynn,Wadge,PA,Northeast,English,,37
117,Dominik,Vettore,CA,West,English,,18
118,Gerick,Bradder,GA,South,English,Korean,32
119,Elisha,Bartolomeoni,GA,South,English,,15
120,Rozele,Cowap,LA,South,English,Italian,29
121,Jyoti,Camillo,FL,South,English,,36
122,Nikolos,O'Giany,PA,Northeast,English,German,3
123,Thurston,Lysons,NC,South,English,Spanish,49
124,Wilburt,Standbrooke,PA,Northeast,English,French,21
125,Tobe,Horrigan,KS,Midwest,English,Spanish,24
126,Kattie,Denidge,TN,South,English,,3
127,Jillie,Starmore,AZ,West,English,Arabic,19
128,Devi,Logesdale,AK,West,English,Spanish,27
129,Belicia,Patton,TX,South,English,Arabic,4
130,Reggy,Surridge,AZ,West,English,Spanish,15
131,Brandtr,Cosgrive,LA,South,English,Spanish,8
132,Danielle,Delacroix,WA,West,English,French,46
133,Enrico,Balme,GA,South,English,Spanish,45
134,Vance,Belle,GA,South,English,Chinese,3
135,Cassandre,Oates,CT,Northeast,English,,3
136,Reagen,Coplestone,NC,South,English,,38
137,Zared,De la Zenne,OK,South,English,French,47
138,Vilma,Keneleyside,SC,South,English,Spanish,20
139,Gale,Dumelow,KY,South,English,Korean,40
140,Kai,Fliege,TX,South,English,,10
141,Maurie,Edwins,FL,South,English,Spanish,27
142,Raphaela,Veljes,CA,West,English,,35
143,Christin,Phillimore,PA,Northeast,English,Chinese,34
144,Gavra,Duthy,NC,South,English,Spanish,22
145,Hewie,Stidever,KY,South,English,,33
146,Terrance,Morritt,MI,Midwest,English,Korean,47
147,Arvin,Munson,AL,South,English,,43
148,Morganne,Buckthorp,MD,South,English,French,35
149,Odo,Sea,CO,West,English,French,3
150,Duky,Mitchenson,PA,Northeast,English,,17
151,Amerigo,Buchan,GA,South,English,,37
152,Carey,Jaimez,FL,South,English,Spanish,17
153,Doralia,Gosland,NY,Northeast,English,Spanish,12
154,Andras,Haward,LA,South,English,Chinese,38
155,Iolande,Matusevich,NY,Northeast,English,Italian,4
156,Webster,Inold,CT,Northeast,English,,27
157,Percy,Ryman,FL,South,English,,6
158,Giles,Esherwood,OR,West,English,,40
159,Fayth,Mantrip,TN,South,English,Italian,2
160,Abigale,Eglaise,AL,South,English,Spanish,42
161,Emlyn,Bolte,CA,West,English,Spanish,17
162,Zaria,Azema,CA,West,English,Spanish,27
163,Rosie,Tarren,TX,South,English,Korean,50
164,Fanni,Tree,MA,Northeast,English,Korean,18
165,Cheryl,Iwanicki,OH,Midwest,English,Spanish,41
166,Reynold,Chidwick,FL,South,English,Spanish,18
167,Tomasine,Plan,MN,Midwest,English,Spanish,39
168,Jayme,Furmonger,OH,Midwest,English,,47
169,Federica,Hendin,IL,Midwest,English,Arabic,3
170,Ilene,Petrak,GA,South,English,,15
171,Donnell,Margaret,WA,West,English,,22
172,Marrilee,Lester,WV,South,English,Chinese,3
173,Carlos,Milkins,PA,Northeast,English,,19
174,Morganica,Wybourne,CA,West,English,Korean,14
175,Antoni,Riedel,NY,Northeast,English,Chinese,32
176,Pet,While,NC,South,English,German,31
177,Ardyth,De la Feld,PA,Northeast,English,Spanish,36
178,Tobit,Gabites,NY,Northeast,English,,33
179,Newton,Langan,DE,South,English,Chinese,3
180,Erna,O'Leahy,TX,South,English,Spanish,16
181,Lemar,Kinglesyd,AL,South,English,Spanish,24
182,Koralle,Sare,FL,South,English,Spanish,32
183,Nerty,Mehaffey,FL,South,English,Spanish,30
184,Wells,Krier,NV,West,English,,6
185,Alex,Huntington,DC,South,English,,34
186,Wilhelm,Darter,CO,West,English,,9
187,Mathe,Ogborn,FL,South,English,Chinese,12
188,Matty,Maundrell,AL,South,English,,28
189,Edouard,Sands-Allan,NC,South,English,,3
190,Vannie,Blythin,VA,South,English,Spanish,27
191,Ranna,Say,MO,Midwest,English,,29
192,Eugenia,Craven,TX,South,English,,2
193,Karylin,Trimbey,MS,South,English,,9
194,Rollin,Dwerryhouse,CO,West,English,Chinese,5
195,Nathanial,Dearsley,NY,Northeast,English,,44
196,Brandyn,Styan,AK,West,English,German,13
197,Rodi,Coggell,KS,Midwest,English,,47
198,Ivett,Pettisall,IL,Midwest,English,,41
199,Davita,Pennacci,NC,South,English,Spanish,14
200,Nichole,Pes,IL,Midwest,English,Arabic,9
201,Woodie,Celler,MI,Midwest,English,German,21
202,Nadia,Saxelby,UT,West,English,Korean,48
203,Matilde,Sherwyn,KY,South,English,Chinese,42
204,Heidi,Manclark,SC,South,English,Korean,36
205,Tristam,Blewett,TX,South,English,Spanish,8
206,Blair,Vineall,KY,South,English,Spanish,33
207,Nesta,Munkton,NY,Northeast,English,,28
208,Andreana,Suff,WI,Midwest,English,Spanish,14
209,Britt,Carrier,CA,West,English,,5
210,Germain,Cavendish,OH,Midwest,English,Chinese,21
211,Felipe,Esparza,KY,South,English,French,46
212,Christye,Crimin,GA,South,English,Spanish,47
213,Kellen,Donaway,IN,Midwest,English,French,4
214,Teressa,Verheyden,CA,West,English,French,4
215,Stefania,Krystek,FL,South,English,,18
216,Rhea,Burwood,IL,Midwest,English,German,6
217,Fletcher,Clineck,CT,Northeast,English,,33
218,Brit,Bordman,OR,West,English,,25
219,Forrest,Kiely,CA,West,English,Spanish,48
220,Kalle,Cantillion,NY,Northeast,English,Arabic,37
221,Janot,Habbijam,NY,Northeast,English,,48
222,Astrid,Crolla,CA,West,English,Spanish,42
223,Hailee,Hamstead,FL,South,English,,17
224,Alix,Crose,CA,West,English,,31
225,Whitaker,Ewers,FL,South,English,,17
226,Jerri,Fennelow,ID,West,English,,42
227,Keslie,Heam,LA,South,English,,5
228,Catlaina,Harsant,CA,West,English,Spanish,48
229,Rora,Goude,IA,Midwest,English,,9
230,Ruttger,Frawley,UT,West,English,Korean,6
231,Frederick,Leagas,CA,West,English,Spanish,44
232,Catlee,O'Scanlan,NC,South,English,,18
233,Celisse,Stienton,MI,Midwest,English,,33
234,Bartholomeus,Alf,NY,Northeast,English,,44
235,Asher,Flade,MA,Northeast,English,,14
236,Erick,Coutthart,CA,West,English,,36
237,Elmira,Petrelli,LA,South,English,,40
238,Lind,Ward,NM,West,English,Arabic,17
239,Raynard,Stemp,FL,South,English,Spanish,10
240,Amara,Peebles,OH,Midwest,English,Arabic,23
241,Artemis,Frankland,NY,Northeast,English,German,47
242,Elfrieda,Olivelli,DC,South,English,German,13
243,Allegra,Siccombe,WI,Midwest,English,Arabic,7
244,Stephenie,Kyles,CA,West,English,Spanish,33
245,Kirsti,Treneer,NY,Northeast,English,,8
246,Lucita,Pimley,CA,West,English,Chinese,10
247,Bevin,Leteurtre,CA,West,English,Spanish,4
248,Eustacia,Trendle,GA,South,English,Spanish,34
249,Alyda,Blazey,NV,West,English,Italian,40
250,Kali,Lemmens,MO,Midwest,English,Spanish,33
251,Pascal,Brandon,MN,Midwest,English,German,25
252,Maridel,Larratt,NY,Northeast,English,French,24
253,Gabie,Rathe,CA,West,English,,45
254,Pren,Stamp,WI,Midwest,English,Spanish,4
255,Ignace,Tottman,MN,Midwest,English,Chinese,7
256,Josefina,Volkers,FL,South,English,,25
257,Bianca,Cescotti,FL,South,English,,45
258,Berky,Nattrass,AL,South,English,Spanish,15
259,Ruth,Adshede,CO,West,English,,29
260,Sally,McRonald,MN,Midwest,English,,22
261,Darell,Houlston,CA,West,English,,9
262,Diena,Elsworth,FL,South,English,,6
263,Meaghan,Howland,PA,Northeast,English,Spanish,8
264,Karoly,Carles,AZ,West,English,Chinese,34
265,Sherlocke,Skinley,KS,Midwest,English,French,10
266,Nixie,Harrismith,FL,South,English,Spanish,3
267,Goran,Lathleiff,TX,South,English,Chinese,21
268,Skyler,Gallant,LA,South,English,Korean,37
269,Shay,Squire,TX,South,English,,5
270,Les,Valeri,HI,West,English,German,46
271,Bertina,Foyster,AZ,West,English,Arabic,30
272,Obadias,Bemlott,CA,West,English,Spanish,40
273,Vida,Chelam,AZ,West,English,Spanish,31
274,Mile,Eddins,AZ,West,English,Spanish,19
275,Ives,Woollons,KS,Midwest,English,,35
276,Alyosha,MacCaffrey,FL,South,English,,14
277,Brockie,Tallon,IN,Midwest,English,Spanish,47
278,Jed,Fonzone,WA,West,English,Spanish,16
279,Saxon,Sorsby,MD,South,English,,14
280,Andie,Sharphurst,FL,South,English,,12
281,Joy,Van den Velde,TX,South,English,,26
282,Hubert,Crepel,TX,South,English,Arabic,1
283,Zachery,Potticary,MI,Midwest,English,,39
284,Tristan,Cattach,PA,Northeast,English,Spanish,28
285,Jennilee,Fairbridge,OH,Midwest,English,Korean,25
286,King,Woofenden,PA,Northeast,English,Korean,8
287,Dulsea,Stovin,CA,West,English,Spanish,33
288,Maybelle,Adair,DC,South,English,,36
289,Stuart,Mulhill,CA,West,English,Spanish,38
290,Lebbie,Chell,KY,South,English,Spanish,21
291,Elfreda,Michal,TX,South,English,,7
292,Virgina,Torrisi,WA,West,English,,4
293,Juditha,Villaron,CO,West,English,Korean,19
294,Gertruda,Ragsdale,NY,Northeast,English,Arabic,30
295,Sherwynd,Lightoller,CA,West,English,,40
296,Kim,Freeborn,NC,South,English,,49
297,Fonsie,Stainburn,FL,South,English,,6
298,Kippie,Dumigan,CA,West,English,,29
299,Zsazsa,Bradborne,NY,Northeast,English,,25
300,Jennine,Minithorpe,DE,South,English,,12
301,Tadio,Haszard,MI,Midwest,English,Spanish,44
302,Michaeline,Ouldcott,NC,South,English,,42
303,Phedra,Huddleston,FL,South,English,Korean,15
304,Lyndsey,Greenset,NY,Northeast,English,,30
305,Julianna,Simants,TX,South,English,,8
306,Rooney,Laverty,WA,West,English,,39
307,Ryun,Linay,TX,South,English,German,41
308,Celestina,Eisenberg,NV,West,English,French,39
309,Zachary,Capinetti,OH,Midwest,English,,15
310,Christie,Joost,CA,West,English,French,13
311,Howie,Fennessy,CA,West,English,,1
312,Alphonse,Hartigan,WA,West,English,Spanish,40
313,Celine,Snaddin,KY,South,English,,15
314,Regan,Kingwell,DC,South,English,Spanish,25
315,Brittan,Marshland,UT,West,English,Spanish,36
316,Roselin,Choake,TX,South,English,,6
317,Jeanelle,Willbraham,OH,Midwest,English,Korean,1
318,Marji,Keenor,TX,South,English,,45
319,Ofilia,Lymbourne,NY,Northeast,English,Spanish,28
320,Niles,Moss,SC,South,English,,34
321,Sammy,Causley,CA,West,English,Korean,20
322,Faulkner,Redshaw,DC,South,English,Spanish,34
323,Celine,Jackways,CA,West,English,Spanish,16
324,Brocky,Keable,DC,South,English,Italian,36
325,Marlow,Curley,TX,South,English,Italian,19
326,Carlynn,Bunclark,WA,West,English,,37
327,Lizbeth,Crayton,IN,Midwest,English,Arabic,35
328,Gualterio,Duplan,GA,South,English,Arabic,15
329,Cindy,Spybey,CO,West,English,Spanish,29
330,Minerva,Birchenhead,LA,South,English,,15
331,Pail,Roostan,NY,Northeast,English,,14
332,Brandy,Symms,TX,South,English,,41
333,Rudolf,Goodbar,SD,Midwest,English,Spanish,38
334,Ketty,Botterill,ME,Northeast,English,,24
335,Frances,Barkaway,CA,West,English,Korean,29
336,Dina,Blunden,CA,West,English,Italian,43
337,Ivette,Klausewitz,AL,South,English,Arabic,15
338,Valina,McAlroy,MI,Midwest,English,,40
339,Faythe,Dalloway,NC,South,English,,28
340,Margarethe,Link,NJ,Northeast,English,Korean,10
341,Cary,Patek,MN,Midwest,English,,12
342,Kelcey,Tilney,LA,South,English,Spanish,7
343,Forrester,Curtois,TN,South,English,Spanish,40
344,Michelle,Milbank,FL,South,English,Korean,30
345,Editha,Lints,TX,South,English,Italian,17
346,Jonis,Castellan,CA,West,English,German,8
347,Sylvan,Armall,NC,South,English,French,45
348,Ferdy,Aumerle,TX,South,English,,29
349,Trey,Orford,KY,South,English,Spanish,1
350,Kelsey,Thebes,TN,South,English,Korean,23
351,Bing,Riddiough,MS,South,English,French,14
352,Cairistiona,Robbe,VA,South,English,,12
353,Cissy,Colgrave,OH,Midwest,English,Spanish,4
354,Fanny,Coumbe,CT,Northeast,English,Italian,29
355,Carissa,Milksop,CT,Northeast,English,Spanish,11
356,Alis,De Mattia,OR,West,English,,29
357,Eddie,Withers,CA,West,English,Spanish,36
358,Emanuel,Gregoretti,MO,Midwest,English,Spanish,46
359,Erinna,Jacquemet,FL,South,English,Arabic,18
360,Chan,Brandino,TX,South,English,,17
361,Dulce,Sheardown,NY,Northeast,English,Spanish,36
362,Brian,Cella,CO,West,English,,15
363,Charmion,Amiranda,CA,West,English,Spanish,29
364,Marcela,Michie,FL,South,English,,22
365,Rhianon,Danielsohn,TX,South,English,,39
366,Hube,Killcross,FL,South,English,,26
367,Jorrie,Brindle,AL,South,English,Arabic,42
368,Ruthi,Egle,IN,Midwest,English,Arabic,4
369,Kris,Orgen,VA,South,English,,35
370,Persis,Cadge,AZ,West,English,Chinese,48
371,Duffie,Godfray,DC,South,English,,20
372,Warren,Castard,HI,West,English,,27
373,Luce,Iley,CO,West,English,,21
374,Manya,Hiland,NY,Northeast,English,,50
375,Kelsi,Rettie,NY,Northeast,English,Arabic,34
376,Giffard,Stearns,LA,South,English,Italian,15
377,Husein,Harbisher,FL,South,English,German,16
378,Tricia,Paylor,MI,Midwest,English,,9
379,Wanda,Glashby,AR,South,English,,43
380,Arlen,Fishpool,CA,West,English,French,27
381,Mychal,Wilber,OH,Midwest,English,,19
382,Caritta,Nutley,TX,South,English,Korean,8
383,Dorothee,Beeble,NY,Northeast,English,,12
384,Inesita,Tomkinson,CA,West,English,,16
385,Zonnya,Heads,KY,South,English,,36
386,Babs,Pyzer,CA,West,English,Spanish,34
387,Dacey,Redon,NY,Northeast,English,Chinese,21
388,Randi,Kelwick,CA,West,English,Spanish,10
389,Jonathon,Reuben,FL,South,English,Spanish,2
390,Dasya,Hardage,OH,Midwest,English,Arabic,18
391,Melly,Dugan,NY,Northeast,English,,7
392,Elliott,Waadenburg,VA,South,English,,41
393,Bendick,Marchington,IL,Midwest,English,French,4
394,Denni,De Roos,CA,West,English,Arabic,50
395,Lyn,Clemetts,TN,South,English,German,25
396,Elton,Cato,NY,Northeast,English,,5
397,Georgi,Stitson,OH,Midwest,English,,18
398,Ceil,Fetherby,TX,South,English,,6
399,Hatti,Hebbes,CA,West,English,,29
400,Rollo,Basnall,CO,West,English,,47
401,Alonzo,Calton,NY,Northeast,English,Spanish,4
402,Koo,Brignell,WV,South,English,German,18
403,Lorelei,Goodhall,KS,Midwest,English,Spanish,47
404,Korrie,Camilletti,TX,South,English,,12
405,Candie,Snoding,NE,Midwest,English,,20
406,Filmer,Brayley,AZ,West,English,,46
407,Alta,Aldus,AZ,West,English,Korean,44
408,Annabella,Perrie,NY,Northeast,English,Korean,16
409,Wanda,Gartenfeld,VA,South,English,,17
410,Sherill,Joseph,PA,Northeast,English,,22
411,Dougie,Hannaford,NV,West,English,Korean,42
412,Helge,Froschauer,OK,South,English,,37
413,Hetty,Borrell,NE,Midwest,English,Spanish,39
414,Nataline,Micco,PA,Northeast,English,Spanish,43
415,Adriena,Yarham,OK,South,English,Chinese,45
416,Maia,Broinlich,AZ,West,English,,48
417,Tomi,McCaughey,KY,South,English,Chinese,37
418,Farrah,Thaim,AR,South,English,,12
419,Dacia,Hughson,PA,Northeast,English,,45
420,Jeanette,Bathoe,WA,West,English,Spanish,35
421,Arlyne,Yerrell,MA,Northeast,English,Korean,47
422,Mathilde,Linnitt,CA,West,English,,30
423,Amerigo,Drane,NY,Northeast,English,,29
424,Ellis,Rickis,VA,South,English,,42
425,Michal,Mummery,CT,Northeast,English,Chinese,31
426,Rozina,Swinburn,SC,South,English,,46
427,Lucine,Wethered,KS,Midwest,English,Spanish,18
428,Meade,Wyllcock,AZ,West,English,Spanish,10
429,Shellie,Yong,NV,West,English,German,15
430,Dayna,Dallemore,TX,South,English,,32
431,Juliet,Aylen,AZ,West,English,Arabic,28
432,Alexis,Carmody,OR,West,English,Italian,3
433,Lindon,Iltchev,TN,South,English,French,1
434,Tobye,Gorhardt,LA,South,English,German,20
435,Dru,Abramzon,NY,Northeast,English,Spanish,44
436,Bren,Whittam,TX,South,English,,38
437,Charla,Syalvester,MI,Midwest,English,Spanish,46
438,Evelyn,Janisson,MI,Midwest,English,Chinese,33
439,Danila,Hennemann,WA,West,English,Spanish,37
440,Sela,Prangle,CA,West,English,Korean,18
441,Berni,Thoresby,NY,Northeast,English,,44
442,Kimberley,Geare,MI,Midwest,English,,4
443,Latrina,Beachem,CA,West,English,Italian,17
444,Octavius,Ollcott,ND,Midwest,English,,19
445,Andreas,Witton,VA,South,English,,22
446,Ilsa,Mahony,GA,South,English,German,5
447,Alaric,Eversfield,VA,South,English,Italian,10
448,Ernest,Comello,TX,South,English,,37
449,Andrea,Blazej,CA,West,English,,40
450,Nydia,Summerscales,FL,South,English,Korean,35
451,Harp,Overel,MA,Northeast,English,,34
452,Laverna,Spawton,AL,South,English,Arabic,43
453,Georgeanne,Bichener,MO,Midwest,English,Korean,34
454,Port,Adamsen,OK,South,English,Spanish,10
455,Kendal,Scullion,NY,Northeast,English,,25
456,Rubia,Ianiello,TX,South,English,,26
457,Josepha,Le Galle,NC,South,English,Chinese,40
458,Heida,Bavage,CA,West,English,Spanish,31
459,Levi,Maryska,TX,South,English,,18
460,Rogers,Elliott,KS,Midwest,English,Italian,42
461,Daryn,Turgoose,IA,Midwest,English,Spanish,43
462,Halie,Scawen,MI,Midwest,English,Italian,32
463,Doy,Innot,OH,Midwest,English,,22
464,Marc,Burnage,CA,West,English,Italian,13
465,Sada,Featherstone,DC,South,English,Spanish,39
466,Laughton,Giscken,NY,Northeast,English,Spanish,30
467,Fairleigh,Learmonth,IN,Midwest,English,,8
468,Standford,Peacey,CO,West,English,Chinese,41
469,Vance,Basilio,TX,South,English,German,27
470,Karna,Kelinge,FL,South,English,Spanish,22
471,Arvy,Gomes,TX,South,English,French,40
472,Emmie,McVicar,NY,Northeast,English,German,25
473,Muhammad,Lightman,VA,South,English,Arabic,50
474,Opalina,Burbudge,TN,South,English,Korean,18
475,Rogerio,Astle,NV,West,English,Korean,15
476,Lutero,Mannock,KY,South,English,,25
477,Pamelina,Giffen,IN,Midwest,English,,20
478,Hannah,Sitwell,TX,South,English,,2
479,Jory,Wanless,MI,Midwest,English,,9
480,Mira,Jorry,NY,Northeast,English,Spanish,48
481,Florencia,Shreve,IA,Midwest,English,Spanish,33
482,Morie,Cromarty,MN,Midwest,English,Spanish,3
483,Waldemar,Keays,CA,West,English,,37
484,Hilary,Tunnoch,CA,West,English,,33
485,Katerina,Hallatt,MO,Midwest,English,Spanish,41
486,Garrott,Eltune,AL,South,English,Spanish,15
487,Hayes,Gawkes,AL,South,English,Spanish,1
488,Doloritas,Fitzpatrick,CA,West,English,,19
489,Jodie,Pinnigar,CA,West,English,Italian,41
490,Hazlett,Mogg,AL,South,English,,22
491,Diandra,Gyurkovics,FL,South,English,,25
492,Gerrie,Linzey,AL,South,English,Spanish,6
493,Chad,Weakley,VA,South,English,Arabic,16
494,Frasco,Cattrell,NC,South,English,,14
495,Veradis,Santus,TX,South,English,Spanish,4
496,Vincents,Pavlovsky,AL,South,English,Spanish,8
497,Dal,Spring,DC,South,English,,1
498,Penrod,Haswell,MI,Midwest,English,Spanish,19
499,Heloise,Darch,MI,Midwest,English,German,11
500,Putnem,Givens,NY,Northeast,English,Arabic,38
501,Taffy,Flower,MO,Midwest,English,,23
502,Erick,Sharpus,NY,Northeast,English,,50
503,Erena,Noke,CA,West,English,German,27
504,Megan,Darinton,TX,South,English,,12
505,Tamara,Hartburn,AL,South,English,Italian,24
506,Codie,Bourgaize,TX,South,English,,13
507,Tonnie,Drennan,TX,South,English,French,18
508,Kyle,Alenov,KS,Midwest,English,,8
509,Bruno,Peetermann,AL,South,English,Arabic,49
510,Rem,Keen,TX,South,English,Italian,15
511,Sena,Jouannin,MT,West,English,,36
512,Merline,Donnan,MA,Northeast,English,German,49
513,Muffin,Vockings,MN,Midwest,English,Korean,25
514,Jillie,Chong,OH,Midwest,English,Korean,31
515,Douglass,Wormald,WA,West,English,Italian,5
516,Gretchen,Brasener,NJ,Northeast,English,Spanish,34
517,Tonia,Norwich,KS,Midwest,English,Chinese,41
518,Rosemarie,Latey,IL,Midwest,English,Italian,6
519,Hildegaard,Chancelier,TX,South,English,Spanish,2
520,Alfonso,Klimkin,TX,South,English,Spanish,33
521,Morris,Wigglesworth,TX,South,English,German,18
522,Jeremy,Girt,VA,South,English,Spanish,46
523,Sanford,Evers,IL,Midwest,English,Spanish,9
524,Pascale,Petschelt,NY,Northeast,English,,9
525,Bendite,Antosik,NC,South,English,,23
526,Elizabet,Davison,DE,South,English,,29
527,Joannes,Nazareth,CA,West,English,,14
528,Darnell,Size,NC,South,English,,1
529,Olwen,McKenny,OK,South,English,Korean,48
530,Caril,Glyn,GA,South,English,,27
531,Ashley,McCarron,CA,West,English,,42
532,Ida,Tytcomb,TX,South,English,Spanish,21
533,Byrann,McGrory,WA,West,English,Italian,28
534,Eugen,Bagnal,NY,Northeast,English,Spanish,39
535,Eddy,Aspland,LA,South,English,,42
536,Maurits,Feare,PA,Northeast,English,,23
537,Brittany,Weatherburn,OK,South,English,Korean,39
538,Christiana,Szwarc,NY,Northeast,English,Spanish,27
539,Fredra,Graeme,OH,Midwest,English,German,3
540,Katalin,Vynarde,OH,Midwest,English,Arabic,46
541,Braden,Kunert,AL,South,English,Italian,36
542,Cassandra,Husk,MD,South,English,Korean,45
543,Aloysius,Heaney`,VA,South,English,Italian,45
544,Joellyn,Barlas,SD,Midwest,English,,46
545,Seward,Lofthouse,OH,Midwest,English,,15
546,Gypsy,McCormick,PA,Northeast,English,Spanish,25
547,Chrissy,Booth,NY,Northeast,English,Arabic,44
548,Ive,Louch,UT,West,English,German,23
549,Yoshi,Corrie,TX,South,English,Spanish,3
550,Alessandro,Clash,KY,South,English,Spanish,50
551,Debbie,Attarge,OK,South,English,Spanish,19
552,Inness,Coultish,LA,South,English,,24
553,Josey,Browett,FL,South,English,,37
554,Berty,Filde,NY,Northeast,English,,34
555,Pansy,Riggert,CO,West,English,Spanish,16
556,Mar,Wisson,CA,West,English,,6
557,Jerry,Copeland,MN,Midwest,English,,5
558,Moyra,Kayzer,MI,Midwest,English,Spanish,7
559,Romonda,Dishman,TX,South,English,Spanish,32
560,Lora,Goshawk,TX,South,English,Spanish,23
561,Branden,McDonogh,CA,West,English,Korean,10
562,Stillman,Eteen,CA,West,English,,30
563,Myrtia,Goward,CA,West,English,German,1
564,Arnaldo,Alpine,TN,South,English,French,48
565,Lani,Sandyford,NY,Northeast,English,Spanish,36
566,Nerty,Maggiori,FL,South,English,Spanish,3
567,Martha,Dwelly,TX,South,English,,38
568,Kimmy,Passman,FL,South,English,Spanish,47
569,Ragnar,Broader,TN,South,English,,34
570,Natty,Hargroves,NC,South,English,German,41
571,Jany,Probet,IL,Midwest,English,,32
572,Gwennie,Lindback,IL,Midwest,English,,4
573,Obidiah,Fortin,NV,West,English,,8
574,Renaldo,Avo,CA,West,English,Arabic,41
575,Jo,Dubique,CT,Northeast,English,,9
576,Bronnie,Dawby,MN,Midwest,English,Spanish,44
577,Mabelle,Sollner,NE,Midwest,English,,13
578,Audrey,Webborn,AL,South,English,,40
579,Hildagard,Cust,CA,West,English,,41
580,Caitlin,Conti,KY,South,English,Chinese,43
581,Mel,Chatfield,NY,Northeast,English,Arabic,36
582,Bernadene,Chidlow,CA,West,English,,3
583,Odessa,Vaughten,IA,Midwest,English,Italian,35
584,Cyrill,Wiggington,FL,South,English,Chinese,39
585,Angela,Dhennin,FL,South,English,German,19
586,Steffane,Allenby,PA,Northeast,English,French,29
587,Leonard,Crossby,NC,South,English,Italian,47
588,Demetris,Bonus,VA,South,English,Spanish,20
589,Harv,Batts,AR,South,English,Spanish,43
590,Egbert,Tremmil,FL,South,English,,20
591,Mahmoud,Delgado,PA,Northeast,English,,24
592,Vaclav,Taberer,CA,West,English,,25
593,Amye,Elven,WA,West,English,German,35
594,Zandra,O'Flynn,VA,South,English,Arabic,21
595,Livvyy,Lincke,SC,South,English,,12
596,Pansy,Bleakman,NY,Northeast,English,Spanish,39
597,Meggy,Dericut,VA,South,English,Arabic,23
598,Olin,Brosetti,DC,South,English,Korean,40
599,Taryn,McCrum,CA,West,English,German,9
600,Gabbie,Bertson,IL,Midwest,English,Spanish,14
601,Udell,Yakovich,LA,South,English,,27
602,Alair,Keeltagh,TX,South,English,Spanish,22
603,Barbara,Middlewick,MN,Midwest,English,Chinese,40
604,Reggie,Ansell,CA,West,English,German,36
605,Vita,Cartin,OH,Midwest,English,Italian,21
606,Pepita,Givens,TX,South,English,,47
607,Perrine,Kettlestringes,TX,South,English,French,4
608,Bunni,Goggan,MI,Midwest,English,,2
609,Franklin,Gennings,VA,South,English,Chinese,21
610,Antonie,Daskiewicz,IL,Midwest,English,,43
611,Pacorro,Gemelli,NM,West,English,,24
612,Lonna,Rudloff,OH,Midwest,English,Korean,29
613,Conway,Duigenan,MI,Midwest,English,,38
614,Clemmie,Von Der Empten,TX,South,English,,47
615,Elsy,Ewenson,UT,West,English,Chinese,23
616,Stephanie,Clemont,FL,South,English,Chinese,17
617,Bren,Benzie,WV,South,English,Arabic,34
618,Evelyn,Gregorin,WA,West,English,German,10
619,Rosaleen,Benezeit,AZ,West,English,,18
620,Lulita,Wiffill,MI,Midwest,English,Spanish,34
621,Margeaux,Spire,KY,South,English,,36
622,Grete,Fetherstan,GA,South,English,Chinese,33
623,Leicester,Charlon,CA,West,English,,15
624,Lexie,Beldom,TX,South,English,Arabic,25
625,Alaster,Moody,KS,Midwest,English,,6
626,Ailina,Sorel,TX,South,English,French,30
627,Cate,Leishman,WA,West,English,,36
628,Sibylle,Maypother,NY,Northeast,English,,35
629,Tawsha,Dradey,NJ,Northeast,English,Spanish,47
630,Regen,Bliss,WA,West,English,,11
631,Minne,Gramer,LA,South,English,,6
632,Mabelle,Rene,TN,South,English,,43
633,Annaliese,Brack,NE,Midwest,English,Spanish,36
634,Joseito,Warricker,OH,Midwest,English,German,7
635,Alexandrina,Scandred,TX,South,English,Chinese,40
636,Donnamarie,Banham,VA,South,English,,18
637,Merry,Szwarc,DC,South,English,,5
638,Alphonse,Burrow,CA,West,English,,17
639,Roberta,Kirsopp,VA,South,English,German,33
640,Vivianna,Robison,IN,Midwest,English,Spanish,48
641,Jennine,Penvarne,IL,Midwest,English,,29
642,Shaylynn,Spadazzi,MA,Northeast,English,Italian,41
643,Trude,Jori,SC,South,English,,19
644,Selena,Judron,NC,South,English,German,19
645,Abba,O'Leahy,CA,West,English,,11
646,Hubey,Puleston,CO,West,English,Italian,32
647,Paulina,Blasing,CA,West,English,,13
648,Salli,Van Schafflaer,FL,South,English,,30
649,Ty,Fitzer,MD,South,English,,25
650,Cathi,Halpine,CA,West,English,Arabic,36
651,Claire,Canada,FL,South,English,Spanish,40
652,Jacob,Will,TN,South,English,,46
653,Igor,Lomansey,TX,South,English,Spanish,19
654,Lowell,Burkert,OK,South,English,Arabic,28
655,Edin,Visick,OH,Midwest,English,Spanish,47
656,Pincus,Vipan,KY,South,English,Spanish,19
657,Stewart,Bellis,AL,South,English,Spanish,5
658,Bary,MacKee,CO,West,English,Spanish,2
659,Tate,Cummungs,IL,Midwest,English,Italian,24
660,Dixie,Barbour,FL,South,English,Chinese,3
661,Sky,Jevon,NC,South,English,Spanish,23
662,Clarita,Cullingford,NY,Northeast,English,,19
663,Kimberlee,Bindon,FL,South,English,Chinese,29
664,Mamie,Moulton,TX,South,English,French,32
665,Matthew,McReynolds,NY,Northeast,English,Italian,32
666,Noak,Reddan,FL,South,English,Chinese,22
667,Sabine,Dmisek,MO,Midwest,English,,9
668,Arlina,Sorsbie,TX,South,English,Spanish,24
669,Wilhelmine,Mulvin,MD,South,English,Arabic,16
670,Sibel,Quarterman,DC,South,English,Spanish,46
671,Darcy,Yurivtsev,FL,South,English,Korean,45
672,Cristie,Clowton,TX,South,English,,39
673,Georgy,Iacovo,CA,West,English,,11
674,Brnaby,Grooby,PA,Northeast,English,,2
675,Risa,Lasty,DC,South,English,,7
676,Lemar,Gerok,CO,West,English,German,20
677,Ester,Pryke,FL,South,English,,50
678,Clint,Cudihy,IL,Midwest,English,,34
679,Carita,Files,TX,South,English,Spanish,42
680,Con,Balderstone,TX,South,English,Spanish,41
681,Worthy,Van Velde,KY,South,English,,10
682,Jeffry,O Sullivan,CA,West,English,,35
683,Jonah,Thebes,NC,South,English,French,3
684,Karlotta,St. Ledger,UT,West,English,Chinese,20
685,Sibby,Odcroft,CA,West,English,German,39
686,Orella,Biggerdike,CA,West,English,Arabic,37
687,Even,Ivain,DE,South,English,German,23
688,Amanda,Hanshawe,MA,Northeast,English,Korean,11
689,Beverlee,Lazenby,TN,South,English,Korean,30
690,Tommie,Malimoe,FL,South,English,Spanish,30
691,Lotty,Jorez,CA,West,English,,31
692,Hallie,Sallowaye,TX,South,English,Chinese,12
693,Geneva,Havers,FL,South,English,Korean,37
694,Jody,Bedbury,GA,South,English,,20
695,Olympe,Sammes,OH,Midwest,English,,19
696,Bendick,Seint,TX,South,English,,33
697,Adele,Wathen,NY,Northeast,English,,24
698,Josephine,Casbon,FL,South,English,,14
699,Diana,Blakiston,TX,South,English,Arabic,41
700,Myrna,Cattanach,CA,West,English,Spanish,18
701,Hammad,McGeraghty,NM,West,English,,5
702,Hewett,Whopples,IN,Midwest,English,,48
703,Remus,Chyuerton,CT,Northeast,English,Korean,36
704,Katharina,Hobbema,AR,South,English,Spanish,1
705,Darline,Killner,CA,West,English,,3
706,Gaston,Dutnall,CA,West,English,Arabic,5
707,Bird,Cubbinelli,TX,South,English,Italian,34
708,Leese,Diplock,NE,Midwest,English,,44
709,Sibelle,Biasi,MN,Midwest,English,Spanish,50
710,Nona,Worwood,NM,West,English,Italian,2
711,Anthia,Brand-Hardy,FL,South,English,,27
712,Reggi,Titcombe,WA,West,English,Spanish,26
713,Amabel,Basketter,FL,South,English,Spanish,8
714,Salomo,Redborn,TX,South,English,Spanish,48
715,Carola,Demer,MO,Midwest,English,Spanish,32
716,Eileen,Tunnick,OH,Midwest,English,Spanish,10
717,Fee,Regan,NV,West,English,German,21
718,Virginie,Pichmann,AL,South,English,,24
719,Dulcea,Vinnicombe,MN,Midwest,English,Spanish,5
720,Luci,Burdin,MA,Northeast,English,,35
721,Klarrisa,Sighard,TX,South,English,French,15
722,Randal,Sture,IL,Midwest,English,,5
723,Ulrika,Aisman,MS,South,English,Spanish,42
724,Philly,Sall,WA,West,English,Spanish,27
725,Layton,Prichard,MI,Midwest,English,Spanish,49
726,Laurence,Brandenburg,NY,Northeast,English,Spanish,44
727,Georgi,Handslip,IL,Midwest,English,,9
728,Coop,Saphin,TX,South,English,Korean,20
729,Valencia,Bransom,FL,South,English,,43
730,Aron,Golden,NY,Northeast,English,French,44
731,Laney,Cristoforo,TX,South,English,,43
732,Dar,Cambden,MO,Midwest,English,French,11
733,Dotti,Huntingdon,NY,Northeast,English,Spanish,50
734,Goldie,Cowdroy,MT,West,English,,50
735,Ricki,Tour,NY,Northeast,English,,39
736,Cesar,O'Boyle,KY,South,English,French,7
737,Cherie,Berntsson,VA,South,English,Spanish,34
738,Andriana,Vearncomb,AL,South,English,Spanish,11
739,Bambi,Ridewood,IN,Midwest,English,Italian,6
740,Cate,Garratty,TX,South,English,,29
741,Allene,Bradford,AZ,West,English,French,35
742,Heidi,Cootes,OH,Midwest,English,Spanish,40
743,Judie,Straun,CA,West,English,French,2
744,Carlynne,Clemenceau,MT,West,English,Spanish,31
745,Graeme,Tremaine,NC,South,English,German,47
746,Cristy,McClary,CA,West,English,,4
747,Donaugh,Crocken,CA,West,English,,10
748,Dore,Filipowicz,GA,South,English,,12
749,Deane,Ridel,MI,Midwest,English,,17
750,Zeb,Feander,CA,West,English,Arabic,50
751,Eveleen,Sline,CO,West,English,Korean,18
752,Clive,Pampling,NV,West,English,Korean,39
753,Roderigo,Bertl,NY,Northeast,English,Spanish,9
754,Anabelle,Sleightholme,DC,South,English,Spanish,42
755,Matthiew,Basili,DE,South,English,,43
756,Elsy,Jagiello,OH,Midwest,English,,16
757,Joaquin,Spalls,VA,South,English,,49
758,Jase,Cuss,NY,Northeast,English,Korean,24
759,Aubrey,Delamere,LA,South,English,,1
760,Osbourne,Woolacott,AZ,West,English,,30
761,Waiter,Ardley,VA,South,English,Italian,30
762,Gwynne,Foxworthy,NV,West,English,Chinese,10
763,Ivor,Earingey,IA,Midwest,English,,30
764,Haze,Haggeth,MS,South,English,,22
765,Lauri,Casson,KY,South,English,Spanish,39
766,Claudell,Featherstonhaugh,IL,Midwest,English,Spanish,50
767,Gustavus,Kingham,CA,West,English,,1
768,Anjela,Greste,MD,South,English,,13
769,Lind,Beckwith,CA,West,English,Arabic,13
770,Charleen,Dalgarnowch,FL,South,English,Spanish,8
771,Odelia,Antonetti,MI,Midwest,English,Spanish,34
772,Jacklin,Fardo,AZ,West,English,Spanish,45
773,Erroll,Conew,PA,Northeast,English,,40
774,Hall,O'Gorman,NM,West,English,Arabic,18
775,Morgan,McGrorty,FL,South,English,Korean,27
776,Ansell,Farlane,CO,West,English,,14
777,Tiler,Meech,CT,Northeast,English,Italian,34
778,Moises,Barthelme,PA,Northeast,English,,2
779,Casar,Glaister,OK,South,English,Spanish,1
780,Justinian,Mushart,CA,West,English,Spanish,21
781,Trenna,Towne,SC,South,English,,26
782,Annetta,Gullis,NY,Northeast,English,Spanish,26
783,Teresita,Lexa,TX,South,English,Spanish,11
784,Ruperta,Treneman,LA,South,English,,4
785,Heda,Spata,CA,West,English,Korean,36
786,Allegra,MacWhan,VA,South,English,Korean,11
787,Abby,Bailles,MI,Midwest,English,Spanish,11
788,Udale,Tinklin,IL,Midwest,English,,21
789,Kathe,Petrelluzzi,NV,West,English,Spanish,34
790,Tyson,Lunn,TX,South,English,,14
791,Adelaide,Stearndale,NC,South,English,,33
792,Sapphira,Wabey,MS,South,English,French,10
793,Nicol,Butt Gow,CO,West,English,Italian,8
794,Andreana,Yoseloff,CA,West,English,Spanish,42
795,Donella,Fetters,TX,South,English,Spanish,18
796,Nicky,Towell,DE,South,English,Arabic,17
797,Jobey,Gibbin,TX,South,English,Spanish,7
798,Octavia,Haile,MI,Midwest,English,,20
799,Janna,Caught,IL,Midwest,English,,30
800,Clarke,Clench,FL,South,English,Spanish,38
801,Bekki,McGeorge,MI,Midwest,English,Chinese,44
802,Gerardo,Dohms,DC,South,English,,15
803,Casie,Archanbault,CA,West,English,French,42
804,Aili,Asipenko,IL,Midwest,English,,43
805,Xena,Piecha,PA,Northeast,English,Spanish,45
806,Elwood,Scarlet,NE,Midwest,English,,48
807,Jeff,Olczak,CT,Northeast,English,Korean,15
808,Edita,Heugel,CA,West,English,French,35
809,Inga,Jammet,CA,West,English,,19
810,James,Graves,PA,Northeast,English,,47
811,Marlee,Chainey,AL,South,English,,40
812,Edan,Ballingal,WI,Midwest,English,,25
813,Langsdon,Sporton,FL,South,English,,15
814,Milty,Gradly,NY,Northeast,English,,1
815,Kaylee,Kiraly,LA,South,English,Arabic,23
816,Bradney,Goodall,IN,Midwest,English,,17
817,Monica,Olczak,NV,West,English,Spanish,23
818,Garrard,Paskin,TX,South,English,,15
819,Garrott,FitzGibbon,TX,South,English,Spanish,21
820,Deni,Craster,ID,West,English,,32
821,Iggy,Mila,KS,Midwest,English,Spanish,31
822,Rafaello,Guiducci,KS,Midwest,English,French,35
823,Viola,Lambe,NY,Northeast,English,Korean,39
824,Ashly,Bewicke,OH,Midwest,English,German,9
825,Jeni,Vasiljevic,NY,Northeast,English,Spanish,10
826,Lynn,Torel,WA,West,English,Spanish,12
827,Cicely,Lerwill,CA,West,English,Chinese,41
828,Cynde,Yepiskopov,GA,South,English,Arabic,19
829,Krissy,Parcell,NV,West,English,,46
830,Patrick,Walden,IL,Midwest,English,,1
831,Bill,Truluck,GA,South,English,Korean,23
832,Manfred,Folomin,GA,South,English,Spanish,20
833,Hillary,Doyle,TX,South,English,,28
834,Janie,Messier,OH,Midwest,English,Spanish,31
835,Bertha,Furtado,NC,South,English,,7
836,Dick,Stouther,MA,Northeast,English,Spanish,35
837,Anallese,Hamsher,CA,West,English,,10
838,Emeline,Millam,FL,South,English,,21
839,Erica,Lytlle,GA,South,English,,29
840,Ugo,Durkin,FL,South,English,,36
841,Dinnie,Roony,IN,Midwest,English,,18
842,Fallon,Cammidge,LA,South,English,,23
843,Eamon,Wickstead,VA,South,English,,31
844,Cooper,Spurriar,CA,West,English,Arabic,39
845,Norbert,Samarth,GA,South,English,Chinese,14
846,Elnore,Pedrol,IL,Midwest,English,,38
847,Alisha,Standell,NY,Northeast,English,Chinese,27
848,Brigid,Ellwand,TX,South,English,Spanish,29
849,Clay,Root,PA,Northeast,English,Spanish,36
850,Alex,Kimblen,NM,West,English,Spanish,47
851,Samaria,Ferrey,FL,South,English,Spanish,8
852,Lynnelle,Roddell,WI,Midwest,English,Italian,23
853,Hildegarde,Duckerin,OH,Midwest,English,,30
854,Max,Cumberlidge,IA,Midwest,English,Arabic,10
855,Sidney,Gonnely,NM,West,English,,41
856,Dewey,McIllrick,CO,West,English,Italian,2
857,Leicester,Kornacki,TX,South,English,Arabic,24
858,Osborne,Drinkall,KS,Midwest,English,,46
859,Xever,Driutti,CA,West,English,Spanish,15
860,Jobye,McNaughton,NC,South,English,Spanish,23
861,Zita,Barnham,NY,Northeast,English,Arabic,31
862,Kimberlyn,Drife,FL,South,English,German,32
863,Chan,Robart,OH,Midwest,English,,7
864,Antin,Howship,MA,Northeast,English,,37
865,Danna,Quarry,CA,West,English,,22
866,Dolorita,Niche,NY,Northeast,English,Italian,28
867,Malorie,Fenton,TX,South,English,,14
868,Giordano,O'Roan,KY,South,English,French,7
869,Maddy,Schwerin,KS,Midwest,English,Spanish,37
870,Merrill,Lewing,AZ,West,English,Arabic,13
871,Burnaby,Ouslem,MO,Midwest,English,Arabic,19
872,Broderick,Steinham,WI,Midwest,English,Korean,24
873,Fredric,Tonna,MT,West,English,Spanish,2
874,Patience,Feake,AL,South,English,,39
875,Bert,Tutin,MS,South,English,German,28
876,Rosie,Daley,CA,West,English,Spanish,10
877,Linus,Crus,CO,West,English,,48
878,Cecily,Ruthen,VA,South,English,,6
879,Valeria,Pummery,PA,Northeast,English,,5
880,Gwenneth,Biaggiotti,MO,Midwest,English,Spanish,16
881,Angie,Talks,CA,West,English,Korean,39
882,Stewart,Toderbrugge,VA,South,English,,33
883,Janot,Elgy,CO,West,English,Spanish,36
884,Fawn,Doward,OK,South,English,,9
885,Onfre,Matthessen,FL,South,English,Korean,35
886,Shaun,Yong,FL,South,English,German,31
887,Lilith,Lawdham,CT,Northeast,English,,36
888,Madlen,Kuhnwald,KY,South,English,,42
889,Devland,Macartney,TX,South,English,Spanish,45
890,Nan,Petteford,DC,South,English,Chinese,28
891,Yancy,Calam,FL,South,English,Korean,35
892,Wade,McIlwrick,CA,West,English,,15
893,Justen,Fasler,AZ,West,English,,32
894,Mervin,Mathias,DC,South,English,,42
895,Maurice,Flello,TX,South,English,Spanish,14
896,Mozelle,Zywicki,FL,South,English,,14
897,Dennie,Wohler,MA,Northeast,English,Spanish,32
898,Inge,Caird,DC,South,English,Spanish,49
899,Rickie,Mosdill,AZ,West,English,Spanish,21
900,Leeann,Rosenblum,PA,Northeast,English,German,5
901,Amy,Essery,WI,Midwest,English,Chinese,32
902,Austin,Georgeou,LA,South,English,,38
903,Domenico,Elliot,TX,South,English,Chinese,20
904,Bryan,Mitton,PA,Northeast,English,,17
905,Bancroft,Betham,CA,West,English,,6
906,Maud,Field,TX,South,English,Spanish,34
907,Larisa,Bartlet,TN,South,English,Spanish,41
908,Juliet,Langton,AL,South,English,Spanish,46
909,Cecilius,Kupisz,IN,Midwest,English,Spanish,30
910,Ethan,Sessuns,CA,West,English,,8
911,Sarajane,Isakov,TX,South,English,French,10
912,Hyacinthe,Bodycombe,AL,South,English,,48
913,Rana,Schroeder,WA,West,English,,48
914,Lemar,Dumbrill,TX,South,English,Korean,31
915,Hinda,Farrow,TX,South,English,,9
916,Ingmar,Norres,TX,South,English,,16
917,Johnathon,Boutflour,TX,South,English,Arabic,7
918,Bevin,Bellefant,SD,Midwest,English,German,8
919,Shaw,Everiss,FL,South,English,,17
920,Ivory,Gallahar,DC,South,English,Spanish,15
921,Caroline,Byforth,FL,South,English,,16
922,Appolonia,Marryatt,MI,Midwest,English,,3
923,Jeniece,Van den Dael,WI,Midwest,English,,23
924,Darlleen,Diss,NY,Northeast,English,,19
925,Oby,Suff,OK,South,English,Arabic,42
926,Bobbi,Dive,NY,Northeast,English,,28
927,Nadya,Hailston,FL,South,English,Spanish,1
928,Vera,Mannering,FL,South,English,,28
929,Julieta,Lohde,VA,South,English,,30
930,Judye,Di Frisco,OK,South,English,Arabic,22
931,Marie-ann,Ebbers,MI,Midwest,English,,15
932,Jens,McMennum,CA,West,English,Spanish,29
933,Cyrill,Sammes,GA,South,English,,38
934,Lothario,Fern,TX,South,English,Spanish,15
935,Sallyann,MacDonagh,IN,Midwest,English,Korean,37
936,Bridie,Bernardt,CA,West,English,Spanish,44
937,Leeanne,Domleo,CT,Northeast,English,German,30
938,Joana,Wiltshear,AZ,West,English,Spanish,31
939,Nolana,Charlon,TX,South,English,Chinese,30
940,Flo,Rowe,FL,South,English,,41
941,Tessie,Churching,VA,South,English,Spanish,16
942,Corenda,Pittford,GA,South,English,Korean,6
943,Cyrille,Witheford,NC,South,English,,26
944,Malcolm,Eames,CT,Northeast,English,,36
945,Barbaraanne,MacKeig,CA,West,English,Spanish,30
946,Brigida,Wealthall,TX,South,English,,49
947,Ryon,Pomery,OH,Midwest,English,Spanish,10
948,Brook,Simmons,FL,South,English,,3
949,Victoir,Spindler,MS,South,English,,49
950,Ivory,Chace,LA,South,English,,12
951,Gal,Haverson,FL,South,English,,29
952,Rozalin,McNirlin,WA,West,English,French,36
953,Arie,Eddoes,FL,South,English,,37
954,Louisette,Bon,CA,West,English,Spanish,8
955,Hagan,Perle,TX,South,English,,48
956,Travis,Woollhead,NY,Northeast,English,French,50
957,Herve,Worvell,FL,South,English,Spanish,40
958,Ara,Woofinden,CO,West,English,Spanish,12
959,Caryn,Lacrouts,FL,South,English,Korean,15
960,Rey,Tweedell,MO,Midwest,English,,43
961,Anthia,Houseago,CA,West,English,Italian,15
962,Franklin,Paulton,IA,Midwest,English,Spanish,27
963,Amandie,Pollicatt,TX,South,English,Italian,5
964,Ericha,Slemmonds,FL,South,English,Italian,45
965,Dimitry,Poulsom,RI,Northeast,English,,49
966,Lucine,Raimbauld,NC,South,English,,28
967,Lois,Criag,FL,South,English,Arabic,31
968,Judon,Klulik,OK,South,English,Spanish,27
969,Valentina,Lambrick,CA,West,English,Chinese,41
970,Vin,Blacklock,IN,Midwest,English,Chinese,46
971,Dorris,Fannon,NY,Northeast,English,,7
972,Christian,Porritt,AL,South,English,,49
973,Suzi,Kivlin,IA,Midwest,English,,45
974,Adela,Karpfen,AL,South,English,Spanish,16
975,Alberto,Wolton,NV,West,English,German,8
976,Willey,Begin,NJ,Northeast,English,Spanish,42
977,Sophia,Holliar,TN,South,English,French,49
978,Boigie,Loades,TX,South,English,Spanish,3
979,Alethea,Lie,OH,Midwest,English,Spanish,28
980,Crysta,Collip,OH,Midwest,English,German,42
981,Tarah,Benwell,PA,Northeast,English,,25
982,Karrah,Stranieri,FL,South,English,Spanish,8
983,Neila,Billingsly,OR,West,English,Spanish,29
984,Grange,Rundle,NH,Northeast,English,German,2
985,Aldon,Stirrup,CA,West,English,Spanish,6
986,Cori,Teliga,IL,Midwest,English,Spanish,25
987,Regen,Veryan,OH,Midwest,English,,21
988,Maxwell,Pentecost,CO,West,English,Korean,36
989,Kirk,Bentje,TX,South,English,Spanish,16
990,Euell,Fowells,VA,South,English,Spanish,22
991,Robinson,Lording,AR,South,English,Spanish,31
992,Yoko,Brameld,AZ,West,English,Spanish,4
993,Barbette,Mattedi,SC,South,English,Spanish,4
994,Leigh,Neeves,CA,West,English,,24
995,Caddric,Mulchrone,MI,Midwest,English,Italian,48
996,Rriocard,Nutty,VA,South,English,Arabic,28
997,Mireielle,Ansley,CA,West,English,Spanish,17
998,Jaquith,Mew,CA,West,English,,44
999,Eduardo,Jorg,IN,Midwest,English,Spanish,26
1000,Brynn,Ablitt,GA,South,English,Spanish,28
